{"cameraMode":{"drawMode":0,"name":"Shaded","section":"Shading Mode"},"sceneLighting":false,"audioPlay":false,"sceneViewState":{"m_AlwaysRefresh":false,"showFog":true,"showSkybox":false,"showFlares":true,"showImageEffects":true,"showParticleSystems":true,"showVisualEffectGraphs":true,"m_FxEnabled":true},"in2DMode":false,"pivot":{"x":-0.017976269125938417,"y":-0.018030628561973573,"z":-0.15219832956790925},"rotation":{"x":-0.12666302919387818,"y":0.7889929413795471,"z":-0.17363858222961427,"w":-0.575654923915863},"size":0.3690096437931061,"orthographic":false}