{"cameraMode":{"drawMode":0,"name":"Shaded","section":"Shading Mode"},"sceneLighting":false,"audioPlay":false,"sceneViewState":{"m_AlwaysRefresh":false,"showFog":true,"showSkybox":false,"showFlares":true,"showImageEffects":true,"showParticleSystems":true,"showVisualEffectGraphs":true,"m_FxEnabled":true},"in2DMode":false,"pivot":{"x":0.26448124647140505,"y":1.7869603633880616,"z":0.7127020359039307},"rotation":{"x":-0.09129051864147186,"y":0.8606200218200684,"z":-0.16623739898204804,"w":-0.4726191759109497},"size":1.3755829334259034,"orthographic":false}