{"cameraMode":{"drawMode":0,"name":"Shaded","section":"Shading Mode"},"sceneLighting":false,"audioPlay":false,"sceneViewState":{"m_AlwaysRefresh":false,"showFog":true,"showSkybox":false,"showFlares":true,"showImageEffects":true,"showParticleSystems":true,"showVisualEffectGraphs":true,"m_FxEnabled":true},"in2DMode":false,"pivot":{"x":0.1317903995513916,"y":-0.12958765029907227,"z":-0.1273181438446045},"rotation":{"x":-0.12666302919387818,"y":0.7889929413795471,"z":-0.17363858222961427,"w":-0.575654923915863},"size":2.4822354316711427,"orthographic":false}